{"cameraMode":{"drawMode":0,"name":"Shaded","section":"Shading Mode"},"sceneLighting":true,"audioPlay":false,"sceneViewState":{"showFog":true,"showMaterialUpdate":false,"showSkybox":true,"showFlares":true,"showImageEffects":true,"showParticleSystems":true},"in2DMode":false,"pivot":{"x":0.723876953125,"y":-0.0802001953125,"z":0.6787109375},"rotation":{"x":0.061417367309331897,"y":0.03771590813994408,"z":-0.0023224742617458107,"w":0.997397243976593},"size":8.609063148498536,"orthographic":true}