{"cameraMode":{"drawMode":0,"name":"Shaded","section":"Shading Mode"},"sceneLighting":false,"audioPlay":false,"sceneViewState":{"showFog":true,"showMaterialUpdate":false,"showSkybox":true,"showFlares":true,"showImageEffects":true,"showParticleSystems":true},"in2DMode":false,"pivot":{"x":-0.056164175271987918,"y":0.07678469270467758,"z":0.6618109345436096},"rotation":{"x":0.1821766048669815,"y":0.12879355251789094,"z":-0.024077607318758966,"w":0.9744969010353088},"size":2.8578848838806154,"orthographic":false}