{"cameraMode":{"drawMode":0,"name":"Shaded","section":"Shading Mode"},"sceneLighting":false,"audioPlay":false,"sceneViewState":{"showFog":true,"showMaterialUpdate":false,"showSkybox":true,"showFlares":true,"showImageEffects":true,"showParticleSystems":true},"in2DMode":false,"pivot":{"x":0.3048410415649414,"y":-1.1339341402053834,"z":-2.893275260925293},"rotation":{"x":-0.26032182574272158,"y":-0.6427317261695862,"z":0.24723120033740998,"w":-0.6767609119415283},"size":1.997140884399414,"orthographic":false}