{"cameraMode":{"drawMode":0,"name":"Shaded","section":"Shading Mode"},"sceneLighting":false,"audioPlay":false,"sceneViewState":{"showFog":true,"showMaterialUpdate":false,"showSkybox":true,"showFlares":true,"showImageEffects":true,"showParticleSystems":true},"in2DMode":false,"pivot":{"x":-1.1279953718185425,"y":0.32996296882629397,"z":-0.18580695986747743},"rotation":{"x":0.19170664250850678,"y":-0.7019794583320618,"z":0.6543527245521545,"w":0.20565974712371827},"size":2.17838191986084,"orthographic":true}